timestamp,open,high,low,close,volume
2025-10-30 00:35:00,194.08,194.08,194.08,194.08,0.087
2025-10-30 00:36:00,194.08,194.08,194.08,194.08,4.984
2025-10-30 00:37:00,194.03,194.03,194.03,194.03,0.515
2025-10-30 00:38:00,193.58,193.67,193.58,193.67,12.589
2025-10-30 00:39:00,193.2,193.2,193.2,193.2,0.019
2025-10-30 00:40:00,193.34,193.34,193.34,193.34,0.206
2025-10-30 00:41:00,193.47,193.47,193.47,193.47,0.087
2025-10-30 00:42:00,193.47,193.47,193.47,193.47,0.0
2025-10-30 00:43:00,193.47,193.47,193.47,193.47,0.0
2025-10-30 00:44:00,193.86,193.86,193.86,193.86,0.837
2025-10-30 00:45:00,193.86,193.86,193.86,193.86,0.0
2025-10-30 00:46:00,193.95,193.96,193.95,193.96,3.6
2025-10-30 00:47:00,193.96,193.96,193.96,193.96,0.0
2025-10-30 00:48:00,193.96,193.96,193.96,193.96,0.0
2025-10-30 00:49:00,193.96,193.96,193.96,193.96,0.0
2025-10-30 00:50:00,193.96,193.96,193.96,193.96,0.0
2025-10-30 00:51:00,193.96,193.96,193.96,193.96,0.0
2025-10-30 00:52:00,194.25,194.25,194.25,194.25,0.077
2025-10-30 00:53:00,194.44,194.44,194.39,194.39,0.374
2025-10-30 00:54:00,194.39,194.39,194.39,194.39,0.0
2025-10-30 00:55:00,194.38,194.39,194.38,194.39,1.0
2025-10-30 00:56:00,194.2,194.39,194.2,194.39,32.393
2025-10-30 00:57:00,194.47,194.47,194.47,194.47,0.649
2025-10-30 00:58:00,194.6,194.83,194.6,194.83,0.826
2025-10-30 00:59:00,194.83,194.83,194.83,194.83,0.0
2025-10-30 01:00:00,194.83,194.83,194.83,194.83,0.0
2025-10-30 01:01:00,194.43,194.43,194.43,194.43,0.016
2025-10-30 01:02:00,194.43,194.43,194.43,194.43,0.0
2025-10-30 01:03:00,194.43,194.43,194.43,194.43,0.0
2025-10-30 01:04:00,193.87,193.87,193.87,193.87,0.051
2025-10-30 01:05:00,193.87,193.87,193.87,193.87,0.0
2025-10-30 01:06:00,193.68,193.68,193.68,193.68,0.346
2025-10-30 01:07:00,193.68,193.68,193.68,193.68,0.0
2025-10-30 01:08:00,193.68,193.68,193.68,193.68,0.0
2025-10-30 01:09:00,193.68,193.68,193.68,193.68,0.0
2025-10-30 01:10:00,193.68,193.68,193.68,193.68,0.0
2025-10-30 01:11:00,194.78,194.78,194.78,194.78,0.077
2025-10-30 01:12:00,194.78,194.78,194.78,194.78,0.0
2025-10-30 01:13:00,194.78,194.78,194.78,194.78,0.0
2025-10-30 01:14:00,194.31,194.55,194.31,194.55,0.107
2025-10-30 01:15:00,194.55,194.55,194.55,194.55,0.0
2025-10-30 01:16:00,194.55,194.55,194.55,194.55,0.0
2025-10-30 01:17:00,194.55,194.55,194.55,194.55,0.0
2025-10-30 01:18:00,194.55,194.55,194.55,194.55,0.0
2025-10-30 01:19:00,194.55,194.55,194.55,194.55,0.0
2025-10-30 01:20:00,194.55,194.55,194.55,194.55,0.0
2025-10-30 01:21:00,194.55,194.55,194.55,194.55,0.0
2025-10-30 01:22:00,194.55,194.55,194.55,194.55,0.0
2025-10-30 01:23:00,194.55,194.55,194.55,194.55,0.0
2025-10-30 01:24:00,194.55,194.55,194.55,194.55,0.0
2025-10-30 01:25:00,194.55,194.55,194.55,194.55,0.0
2025-10-30 01:26:00,194.55,194.55,194.55,194.55,0.0
2025-10-30 01:27:00,194.55,194.55,194.55,194.55,0.0
2025-10-30 01:28:00,194.55,194.55,194.55,194.55,0.0
2025-10-30 01:29:00,194.55,194.55,194.55,194.55,0.0
2025-10-30 01:30:00,194.55,194.55,194.55,194.55,0.0
2025-10-30 01:31:00,194.01,194.01,194.01,194.01,0.118
2025-10-30 01:32:00,194.01,194.01,194.01,194.01,0.0
2025-10-30 01:33:00,194.28,194.28,194.28,194.28,2.567
2025-10-30 01:34:00,194.28,194.28,194.28,194.28,0.0
2025-10-30 01:35:00,194.28,194.28,194.28,194.28,0.0
2025-10-30 01:36:00,194.28,194.28,194.28,194.28,0.0
2025-10-30 01:37:00,194.28,194.28,194.28,194.28,0.0
2025-10-30 01:38:00,194.28,194.28,194.28,194.28,0.0
2025-10-30 01:39:00,194.28,194.28,194.28,194.28,0.0
2025-10-30 01:40:00,194.28,194.28,194.28,194.28,0.0
2025-10-30 01:41:00,194.28,194.28,194.28,194.28,0.0
2025-10-30 01:42:00,194.46,194.46,194.46,194.46,0.16
2025-10-30 01:43:00,194.46,194.46,194.46,194.46,0.0
2025-10-30 01:44:00,194.46,194.46,194.46,194.46,0.0
2025-10-30 01:45:00,194.46,194.46,194.46,194.46,0.0
2025-10-30 01:46:00,194.46,194.46,194.46,194.46,0.0
2025-10-30 01:47:00,194.46,194.46,194.46,194.46,0.0
2025-10-30 01:48:00,194.46,194.46,194.46,194.46,0.0
2025-10-30 01:49:00,194.46,194.46,194.46,194.46,0.0
2025-10-30 01:50:00,194.85,194.85,194.85,194.85,0.051
2025-10-30 01:51:00,194.85,195.16,194.85,195.16,1.775
2025-10-30 01:52:00,195.16,195.29,195.16,195.29,0.613
2025-10-30 01:53:00,195.42,195.42,195.17,195.17,0.457
2025-10-30 01:54:00,195.25,195.25,195.25,195.25,2.562
2025-10-30 01:55:00,195.42,195.72,195.42,195.72,0.763
2025-10-30 01:56:00,195.72,195.84,195.72,195.84,0.509
2025-10-30 01:57:00,195.92,195.92,195.92,195.92,0.694
2025-10-30 01:58:00,195.92,195.92,195.92,195.92,0.0
2025-10-30 01:59:00,195.92,195.92,195.92,195.92,0.0
2025-10-30 02:00:00,195.92,195.92,195.92,195.92,0.0
2025-10-30 02:01:00,195.92,195.92,195.92,195.92,0.0
2025-10-30 02:02:00,195.68,195.68,195.68,195.68,0.63
2025-10-30 02:03:00,195.68,195.68,195.68,195.68,0.0
2025-10-30 02:04:00,195.68,195.68,195.68,195.68,0.0
2025-10-30 02:05:00,195.68,195.68,195.68,195.68,0.0
2025-10-30 02:06:00,195.68,195.68,195.68,195.68,0.0
2025-10-30 02:07:00,195.68,195.68,195.68,195.68,0.0
2025-10-30 02:08:00,196.0,196.0,196.0,196.0,0.051
2025-10-30 02:09:00,196.0,196.02,196.0,196.02,0.244
2025-10-30 02:10:00,196.02,196.02,196.02,196.02,0.0
2025-10-30 02:11:00,196.02,196.02,196.02,196.02,0.0
2025-10-30 02:12:00,196.0,196.0,196.0,196.0,0.128
2025-10-30 02:13:00,196.0,196.0,196.0,196.0,0.0
2025-10-30 02:14:00,196.01,196.02,196.01,196.02,1.021
2025-10-30 02:15:00,196.15,196.28,196.15,196.28,1.321
2025-10-30 02:16:00,196.28,196.28,196.28,196.28,0.007
2025-10-30 02:17:00,196.28,196.28,196.28,196.28,0.054
2025-10-30 02:18:00,196.36,196.92,196.36,196.92,2.891
2025-10-30 02:19:00,196.92,196.92,196.92,196.92,0.0
2025-10-30 02:20:00,196.86,196.86,196.86,196.86,0.5
2025-10-30 02:21:00,196.61,196.63,196.61,196.63,57.128
2025-10-30 02:22:00,196.63,196.63,196.63,196.63,0.0
2025-10-30 02:23:00,196.63,196.63,196.63,196.63,0.0
2025-10-30 02:24:00,196.63,196.63,196.63,196.63,1.294
2025-10-30 02:25:00,196.63,196.63,196.63,196.63,0.0
2025-10-30 02:26:00,196.63,196.63,196.63,196.63,0.0
2025-10-30 02:27:00,196.63,196.63,196.63,196.63,0.0
2025-10-30 02:28:00,196.63,196.63,196.63,196.63,0.0
2025-10-30 02:29:00,196.63,196.63,196.63,196.63,0.0
2025-10-30 02:30:00,196.63,196.63,196.63,196.63,0.0
2025-10-30 02:31:00,196.92,196.97,196.92,196.97,0.372
2025-10-30 02:32:00,196.97,196.97,196.97,196.97,0.0
2025-10-30 02:33:00,196.97,196.97,196.97,196.97,0.0
2025-10-30 02:34:00,196.97,196.97,196.97,196.97,0.0
2025-10-30 02:35:00,196.97,196.97,196.97,196.97,0.0
2025-10-30 02:36:00,196.97,196.97,196.97,196.97,0.0
2025-10-30 02:37:00,196.97,196.97,196.97,196.97,0.0
2025-10-30 02:38:00,196.97,196.97,196.97,196.97,0.0
2025-10-30 02:39:00,197.0,197.21,197.0,197.21,4.012
2025-10-30 02:40:00,197.21,197.21,197.21,197.21,0.0
2025-10-30 02:41:00,197.21,197.21,197.21,197.21,0.087
2025-10-30 02:42:00,197.21,197.21,197.21,197.21,0.0
2025-10-30 02:43:00,197.21,197.21,197.21,197.21,0.008
2025-10-30 02:44:00,197.21,197.21,197.21,197.21,0.0
2025-10-30 02:45:00,197.21,197.21,197.21,197.21,0.498
2025-10-30 02:46:00,197.21,197.21,197.21,197.21,0.0
2025-10-30 02:47:00,197.21,197.21,197.21,197.21,0.0
2025-10-30 02:48:00,197.21,197.21,197.21,197.21,0.0
2025-10-30 02:49:00,197.25,197.25,197.25,197.25,3.956
2025-10-30 02:50:00,197.2,197.38,197.2,197.38,6.848
2025-10-30 02:51:00,197.41,197.84,197.41,197.84,33.916
2025-10-30 02:52:00,197.87,197.93,197.87,197.93,0.228
2025-10-30 02:53:00,197.49,197.49,197.49,197.49,0.5
2025-10-30 02:54:00,197.49,197.49,197.49,197.49,0.0
2025-10-30 02:55:00,197.81,197.81,197.81,197.81,0.13
2025-10-30 02:56:00,197.81,197.81,197.81,197.81,0.0
2025-10-30 02:57:00,197.81,197.81,197.81,197.81,0.0
2025-10-30 02:58:00,197.81,197.81,197.81,197.81,0.0
2025-10-30 02:59:00,197.94,198.07,197.94,198.07,0.938
2025-10-30 03:00:00,198.09,198.09,197.92,197.92,4.051
2025-10-30 03:01:00,197.92,197.92,197.92,197.92,0.0
2025-10-30 03:02:00,197.92,197.92,197.92,197.92,0.0
2025-10-30 03:03:00,197.92,197.92,197.92,197.92,0.0
2025-10-30 03:04:00,197.74,197.74,197.74,197.74,1.415
2025-10-30 03:05:00,197.74,197.74,197.74,197.74,0.0
2025-10-30 03:06:00,197.74,197.74,197.74,197.74,0.0
2025-10-30 03:07:00,197.74,197.74,197.74,197.74,0.0
2025-10-30 03:08:00,197.74,197.74,197.74,197.74,0.0
2025-10-30 03:09:00,197.74,197.74,197.74,197.74,0.0
2025-10-30 03:10:00,197.35,197.35,197.35,197.35,0.016
2025-10-30 03:11:00,197.45,197.45,197.45,197.45,0.065
2025-10-30 03:12:00,197.45,197.45,197.45,197.45,0.0
2025-10-30 03:13:00,197.45,197.45,197.45,197.45,0.0
2025-10-30 03:14:00,197.41,197.41,197.41,197.41,0.05
2025-10-30 03:15:00,197.54,197.54,197.54,197.54,0.15
2025-10-30 03:16:00,197.54,197.54,197.54,197.54,0.0
2025-10-30 03:17:00,197.54,197.54,197.54,197.54,0.0
2025-10-30 03:18:00,197.53,197.53,197.29,197.29,1.271
2025-10-30 03:19:00,197.29,197.29,197.29,197.29,0.0
2025-10-30 03:20:00,197.29,197.29,197.29,197.29,0.0
2025-10-30 03:21:00,197.29,197.29,197.29,197.29,0.0
2025-10-30 03:22:00,197.29,197.29,197.29,197.29,0.0
2025-10-30 03:23:00,197.29,197.29,197.29,197.29,0.0
2025-10-30 03:24:00,197.19,197.19,197.18,197.18,5.198
2025-10-30 03:25:00,196.92,196.92,196.92,196.92,0.012
2025-10-30 03:26:00,196.92,196.92,196.89,196.89,0.012
2025-10-30 03:27:00,197.37,197.37,197.15,197.15,0.031
2025-10-30 03:28:00,197.32,197.32,197.32,197.32,0.012
2025-10-30 03:29:00,197.32,197.32,197.32,197.32,0.0
2025-10-30 03:30:00,197.57,197.57,197.37,197.43,0.174
2025-10-30 03:31:00,197.43,197.43,197.43,197.43,0.0
2025-10-30 03:32:00,197.43,197.43,197.43,197.43,0.0
2025-10-30 03:33:00,197.43,197.43,197.43,197.43,0.0
2025-10-30 03:34:00,197.43,197.43,197.43,197.43,0.0
2025-10-30 03:35:00,197.43,197.43,197.43,197.43,0.0
2025-10-30 03:36:00,197.43,197.43,197.43,197.43,2.9
2025-10-30 03:37:00,197.31,197.31,197.31,197.31,0.036
2025-10-30 03:38:00,197.48,197.48,197.48,197.48,0.025
2025-10-30 03:39:00,197.48,197.48,197.48,197.48,0.0
2025-10-30 03:40:00,197.48,197.48,197.48,197.48,0.0
2025-10-30 03:41:00,197.48,197.48,197.48,197.48,0.0
2025-10-30 03:42:00,196.9,196.9,196.9,196.9,0.34
2025-10-30 03:43:00,196.9,196.9,196.9,196.9,0.0
2025-10-30 03:44:00,196.9,196.9,196.9,196.9,0.0
2025-10-30 03:45:00,196.9,196.9,196.9,196.9,0.0
2025-10-30 03:46:00,196.81,196.89,196.81,196.89,0.21
2025-10-30 03:47:00,196.89,196.89,196.89,196.89,0.0
2025-10-30 03:48:00,196.89,196.89,196.89,196.89,0.0
2025-10-30 03:49:00,196.92,196.92,196.92,196.92,0.015
2025-10-30 03:50:00,196.97,196.97,196.97,196.97,1.016
2025-10-30 03:51:00,196.98,196.98,196.98,196.98,0.362
2025-10-30 03:52:00,196.8,196.8,196.8,196.8,10.474
2025-10-30 03:53:00,196.62,196.62,196.62,196.62,7.535
2025-10-30 03:54:00,196.62,196.62,196.62,196.62,0.0
2025-10-30 03:55:00,196.62,196.62,196.62,196.62,0.0
2025-10-30 03:56:00,196.62,196.62,196.62,196.62,0.0
2025-10-30 03:57:00,196.62,196.62,196.62,196.62,0.0
2025-10-30 03:58:00,196.67,196.67,196.67,196.67,0.047
2025-10-30 03:59:00,196.67,196.67,196.67,196.67,0.0
2025-10-30 04:00:00,196.67,196.67,196.67,196.67,0.0
2025-10-30 04:01:00,196.67,196.67,196.67,196.67,0.0
2025-10-30 04:02:00,196.67,196.67,196.67,196.67,0.0
2025-10-30 04:03:00,196.95,196.95,196.92,196.93,5.103
2025-10-30 04:04:00,196.37,196.37,196.37,196.37,0.544
2025-10-30 04:05:00,196.28,196.28,196.15,196.15,0.891
2025-10-30 04:06:00,196.18,196.79,196.18,196.25,4.374
2025-10-30 04:07:00,196.02,196.02,195.82,195.82,0.309
2025-10-30 04:08:00,195.64,195.64,195.42,195.42,0.724
2025-10-30 04:09:00,195.42,195.42,195.42,195.42,0.0
2025-10-30 04:10:00,195.26,195.26,194.38,194.38,5.697
2025-10-30 04:11:00,194.34,194.41,193.0,194.18,30.718
2025-10-30 04:12:00,194.18,194.18,194.18,194.18,0.0
2025-10-30 04:13:00,194.36,194.4,194.36,194.4,4.615
2025-10-30 04:14:00,194.35,194.35,194.35,194.35,0.051
2025-10-30 04:15:00,193.7,193.7,193.7,193.7,0.067
2025-10-30 04:16:00,193.36,193.36,192.92,192.92,2.006
2025-10-30 04:17:00,192.83,192.85,192.83,192.85,1.837
2025-10-30 04:18:00,193.25,193.71,192.53,192.53,6.51
2025-10-30 04:19:00,192.53,192.53,192.53,192.53,0.0
2025-10-30 04:20:00,192.96,193.53,192.96,193.53,7.336
2025-10-30 04:21:00,193.41,193.41,193.41,193.41,0.203
2025-10-30 04:22:00,193.09,193.09,193.09,193.09,0.2
2025-10-30 04:23:00,192.58,192.58,192.58,192.58,0.14
2025-10-30 04:24:00,192.58,192.58,192.35,192.35,4.2
2025-10-30 04:25:00,193.15,193.15,193.15,193.15,0.315
2025-10-30 04:26:00,192.43,192.43,192.43,192.43,0.109
2025-10-30 04:27:00,192.35,192.35,191.87,191.87,6.133
2025-10-30 04:28:00,191.78,191.78,190.84,190.84,27.436
2025-10-30 04:29:00,190.73,190.73,190.63,190.63,3.889
2025-10-30 04:30:00,190.63,190.63,190.63,190.63,0.0
2025-10-30 04:31:00,190.63,190.63,190.63,190.63,0.0
2025-10-30 04:32:00,190.68,190.68,190.68,190.68,2.0
2025-10-30 04:33:00,190.46,190.59,190.46,190.59,0.016
2025-10-30 04:34:00,191.28,191.28,191.28,191.28,5.628
2025-10-30 04:35:00,191.63,193.31,191.63,193.31,27.222
2025-10-30 04:36:00,193.48,194.34,193.48,194.34,9.217
2025-10-30 04:37:00,194.27,194.27,193.94,193.94,1.619
2025-10-30 04:38:00,193.9,193.9,193.9,193.9,0.335
2025-10-30 04:39:00,193.69,194.31,193.69,194.31,0.201
2025-10-30 04:40:00,194.31,194.31,194.31,194.31,0.0
2025-10-30 04:41:00,193.2,193.41,193.2,193.41,0.826
2025-10-30 04:42:00,193.08,193.08,192.93,192.93,5.291
2025-10-30 04:43:00,192.92,192.92,192.92,192.92,0.077
2025-10-30 04:44:00,192.73,192.73,192.73,192.73,1.302
2025-10-30 04:45:00,193.13,193.7,193.13,193.53,29.989
2025-10-30 04:46:00,193.53,193.53,193.53,193.53,0.0
2025-10-30 04:47:00,193.53,193.53,193.53,193.53,0.0
2025-10-30 04:48:00,193.52,193.52,192.77,192.77,0.064
2025-10-30 04:49:00,192.58,192.58,192.53,192.53,0.603
2025-10-30 04:50:00,192.53,192.79,192.53,192.79,2.666
2025-10-30 04:51:00,192.46,192.46,192.46,192.46,0.01
2025-10-30 04:52:00,192.46,192.46,192.46,192.46,0.0
2025-10-30 04:53:00,192.46,192.46,192.46,192.46,0.0
2025-10-30 04:54:00,192.46,192.46,192.46,192.46,0.0
2025-10-30 04:55:00,192.46,192.46,192.46,192.46,0.0
2025-10-30 04:56:00,192.46,192.46,192.46,192.46,0.0
2025-10-30 04:57:00,192.46,192.46,192.46,192.46,0.0
2025-10-30 04:58:00,192.32,192.32,192.22,192.22,2.26
2025-10-30 04:59:00,192.16,192.16,192.16,192.16,0.121
2025-10-30 05:00:00,191.63,191.63,191.63,191.63,14.306
2025-10-30 05:01:00,191.63,191.63,191.63,191.63,0.0
2025-10-30 05:02:00,192.49,192.49,192.49,192.49,0.155
2025-10-30 05:03:00,192.01,192.01,192.01,192.01,5.315
2025-10-30 05:04:00,192.01,192.01,192.01,192.01,0.0
2025-10-30 05:05:00,192.05,192.05,192.05,192.05,0.016
2025-10-30 05:06:00,192.05,192.05,192.05,192.05,0.0
2025-10-30 05:07:00,192.05,192.05,192.05,192.05,0.0
2025-10-30 05:08:00,192.2,192.2,192.2,192.2,0.259
2025-10-30 05:09:00,192.36,192.36,192.36,192.36,0.052
2025-10-30 05:10:00,192.36,192.36,192.36,192.36,0.0
2025-10-30 05:11:00,192.36,192.36,192.36,192.36,0.0
2025-10-30 05:12:00,192.36,192.36,192.36,192.36,0.0
2025-10-30 05:13:00,192.36,192.36,192.36,192.36,0.0
2025-10-30 05:14:00,192.58,192.58,192.58,192.58,0.544
2025-10-30 05:15:00,192.58,192.58,192.58,192.58,0.0
2025-10-30 05:16:00,192.58,192.58,192.58,192.58,0.0
2025-10-30 05:17:00,192.58,192.58,192.58,192.58,0.0
2025-10-30 05:18:00,192.58,192.58,192.58,192.58,0.0
2025-10-30 05:19:00,192.58,192.58,192.58,192.58,0.0
2025-10-30 05:20:00,192.58,192.58,192.58,192.58,0.0
2025-10-30 05:21:00,192.58,192.58,192.58,192.58,0.0
2025-10-30 05:22:00,192.58,192.58,192.58,192.58,0.0
2025-10-30 05:23:00,192.58,192.58,192.58,192.58,0.0
2025-10-30 05:24:00,191.75,191.75,191.75,191.75,9.471
2025-10-30 05:25:00,191.75,191.75,191.75,191.75,0.0
2025-10-30 05:26:00,191.75,191.75,191.75,191.75,0.0
2025-10-30 05:27:00,191.75,191.75,191.75,191.75,0.0
2025-10-30 05:28:00,191.75,191.75,191.75,191.75,0.0
2025-10-30 05:29:00,191.75,191.75,191.75,191.75,0.0
2025-10-30 05:30:00,191.75,191.75,191.75,191.75,0.0
2025-10-30 05:31:00,191.75,191.75,191.75,191.75,0.0
2025-10-30 05:32:00,191.75,191.75,191.75,191.75,0.0
2025-10-30 05:33:00,191.75,191.75,191.75,191.75,0.0
2025-10-30 05:34:00,193.2,193.31,193.2,193.31,0.926
2025-10-30 05:35:00,193.16,193.16,193.16,193.16,0.206
2025-10-30 05:36:00,193.08,193.22,193.08,193.22,0.204
2025-10-30 05:37:00,193.22,193.22,193.22,193.22,0.0
2025-10-30 05:38:00,193.22,193.22,193.22,193.22,0.0
2025-10-30 05:39:00,193.53,193.75,193.53,193.75,0.741
2025-10-30 05:40:00,194.18,194.87,194.18,194.87,5.186
2025-10-30 05:41:00,194.87,194.87,194.87,194.87,0.0
2025-10-30 05:42:00,194.87,195.04,194.87,195.04,3.23
2025-10-30 05:43:00,195.04,195.04,195.04,195.04,0.0
2025-10-30 05:44:00,195.14,195.14,194.98,194.98,1.022
2025-10-30 05:45:00,194.98,194.98,194.98,194.98,0.0
2025-10-30 05:46:00,194.98,194.98,194.98,194.98,0.0
2025-10-30 05:47:00,194.98,194.98,194.98,194.98,0.0
2025-10-30 05:48:00,194.98,194.98,194.98,194.98,0.0
2025-10-30 05:49:00,195.16,195.16,195.16,195.16,0.797
2025-10-30 05:50:00,195.26,195.26,195.22,195.22,1.906
2025-10-30 05:51:00,195.36,195.42,195.33,195.33,6.09
2025-10-30 05:52:00,195.33,195.33,195.33,195.33,0.0
2025-10-30 05:53:00,195.44,195.5,195.44,195.5,1.895
2025-10-30 05:54:00,195.59,195.59,195.59,195.59,0.077
2025-10-30 05:55:00,195.59,195.59,195.59,195.59,0.0
2025-10-30 05:56:00,195.59,195.59,195.59,195.59,0.0
2025-10-30 05:57:00,195.59,195.59,195.59,195.59,0.0
2025-10-30 05:58:00,195.59,195.59,195.59,195.59,0.0
2025-10-30 05:59:00,195.04,195.04,195.04,195.04,0.358
2025-10-30 06:00:00,195.04,195.04,195.04,195.04,0.0
2025-10-30 06:01:00,195.04,195.04,195.04,195.04,0.0
2025-10-30 06:02:00,195.04,195.04,195.04,195.04,0.0
2025-10-30 06:03:00,195.04,195.04,195.04,195.04,0.0
2025-10-30 06:04:00,195.04,195.04,195.04,195.04,0.0
2025-10-30 06:05:00,195.04,195.04,195.04,195.04,0.0
2025-10-30 06:06:00,195.04,195.04,195.04,195.04,0.0
2025-10-30 06:07:00,195.04,195.04,195.04,195.04,0.0
2025-10-30 06:08:00,195.04,195.04,195.04,195.04,0.0
2025-10-30 06:09:00,195.04,195.04,195.04,195.04,0.0
2025-10-30 06:10:00,195.04,195.04,195.04,195.04,0.0
2025-10-30 06:11:00,195.04,195.04,195.04,195.04,0.0
2025-10-30 06:12:00,195.04,195.04,195.04,195.04,0.0
2025-10-30 06:13:00,195.04,195.04,195.04,195.04,0.0
2025-10-30 06:14:00,195.04,195.04,195.04,195.04,0.0
2025-10-30 06:15:00,194.47,194.47,194.47,194.47,0.544
2025-10-30 06:16:00,194.25,194.25,193.69,193.69,1.545
2025-10-30 06:17:00,193.69,193.69,193.69,193.69,0.0
2025-10-30 06:18:00,193.69,193.69,193.69,193.69,0.0
2025-10-30 06:19:00,193.69,193.69,193.69,193.69,0.0
2025-10-30 06:20:00,193.69,193.69,193.69,193.69,0.0
2025-10-30 06:21:00,193.69,193.69,193.69,193.69,0.0
2025-10-30 06:22:00,193.69,193.69,193.69,193.69,0.0
2025-10-30 06:23:00,194.2,194.21,194.2,194.21,1.23
2025-10-30 06:24:00,194.21,194.21,194.21,194.21,0.0
2025-10-30 06:25:00,193.53,193.83,193.53,193.83,1.218
2025-10-30 06:26:00,193.83,193.83,193.77,193.77,1.658
2025-10-30 06:27:00,193.75,193.91,193.75,193.91,3.558
2025-10-30 06:28:00,193.78,193.78,193.78,193.78,0.213
2025-10-30 06:29:00,193.78,193.78,193.78,193.78,0.0
2025-10-30 06:30:00,194.2,194.2,194.2,194.2,0.16
2025-10-30 06:31:00,194.44,194.47,194.44,194.47,0.664
2025-10-30 06:32:00,194.47,194.47,194.47,194.47,0.0
2025-10-30 06:33:00,194.47,194.47,194.47,194.47,0.0
2025-10-30 06:34:00,194.47,194.47,194.47,194.47,0.0
2025-10-30 06:35:00,194.47,194.47,194.47,194.47,0.0
2025-10-30 06:36:00,194.47,194.47,194.47,194.47,0.0
2025-10-30 06:37:00,194.47,194.47,194.47,194.47,0.0
2025-10-30 06:38:00,194.47,194.47,194.47,194.47,0.0
2025-10-30 06:39:00,194.47,194.47,194.47,194.47,0.0
2025-10-30 06:40:00,194.47,194.47,194.47,194.47,0.0
2025-10-30 06:41:00,194.25,194.25,194.25,194.25,0.453
2025-10-30 06:42:00,194.25,194.25,194.25,194.25,0.0
2025-10-30 06:43:00,194.85,195.16,194.85,195.16,1.426
2025-10-30 06:44:00,195.16,195.16,195.16,195.16,0.0
2025-10-30 06:45:00,195.16,195.16,195.16,195.16,0.0
2025-10-30 06:46:00,195.16,195.16,195.16,195.16,0.0
2025-10-30 06:47:00,195.16,195.16,195.16,195.16,0.0
2025-10-30 06:48:00,195.16,195.16,195.16,195.16,0.0
2025-10-30 06:49:00,195.16,195.16,195.16,195.16,0.0
2025-10-30 06:50:00,195.16,195.16,195.16,195.16,0.0
2025-10-30 06:51:00,195.16,195.16,195.16,195.16,0.0
2025-10-30 06:52:00,195.16,195.16,195.16,195.16,0.0
2025-10-30 06:53:00,195.16,195.16,195.16,195.16,0.0
2025-10-30 06:54:00,195.16,195.16,195.16,195.16,0.0
2025-10-30 06:55:00,195.16,195.16,195.16,195.16,0.0
2025-10-30 06:56:00,195.16,195.16,195.16,195.16,0.0
2025-10-30 06:57:00,195.16,195.16,195.16,195.16,0.0
2025-10-30 06:58:00,195.16,195.16,195.16,195.16,0.0
2025-10-30 06:59:00,195.16,195.16,195.16,195.16,0.0
2025-10-30 07:00:00,195.16,195.16,195.16,195.16,0.0
2025-10-30 07:01:00,195.16,195.16,195.16,195.16,0.0
2025-10-30 07:02:00,194.18,194.18,194.18,194.18,0.797
2025-10-30 07:03:00,194.21,194.21,194.21,194.21,0.205
2025-10-30 07:04:00,194.21,194.21,194.21,194.21,0.0
2025-10-30 07:05:00,194.21,194.21,194.21,194.21,0.0
2025-10-30 07:06:00,194.21,194.21,194.21,194.21,0.0
2025-10-30 07:07:00,194.21,194.21,194.21,194.21,0.0
2025-10-30 07:08:00,194.21,194.21,194.21,194.21,0.0
2025-10-30 07:09:00,194.21,194.21,194.21,194.21,0.0
2025-10-30 07:10:00,194.82,194.82,194.82,194.82,0.098
2025-10-30 07:11:00,195.13,195.16,195.13,195.16,1.263
2025-10-30 07:12:00,195.39,195.42,195.39,195.42,0.17
2025-10-30 07:13:00,195.42,195.42,195.42,195.42,0.494
2025-10-30 07:14:00,195.42,195.42,195.42,195.42,0.0
2025-10-30 07:15:00,195.42,195.42,195.42,195.42,0.0
2025-10-30 07:16:00,195.42,195.42,195.42,195.42,0.0
2025-10-30 07:17:00,195.42,195.42,195.42,195.42,0.0
2025-10-30 07:18:00,195.59,195.92,195.59,195.92,3.086
2025-10-30 07:19:00,195.92,195.92,195.92,195.92,0.0
2025-10-30 07:20:00,195.92,195.92,195.92,195.92,0.0
2025-10-30 07:21:00,195.95,196.0,195.95,196.0,1.483
2025-10-30 07:22:00,196.0,196.0,196.0,196.0,0.0
2025-10-30 07:23:00,196.0,196.0,196.0,196.0,0.0
2025-10-30 07:24:00,196.0,196.02,196.0,196.02,0.132
2025-10-30 07:25:00,196.02,196.02,196.02,196.02,0.0
2025-10-30 07:26:00,196.02,196.02,196.02,196.02,0.0
2025-10-30 07:27:00,196.02,196.02,196.02,196.02,0.0
2025-10-30 07:28:00,196.02,196.02,196.02,196.02,0.0
2025-10-30 07:29:00,196.02,196.02,196.02,196.02,0.0
2025-10-30 07:30:00,196.02,196.02,196.02,196.02,0.0
2025-10-30 07:31:00,196.02,196.02,196.02,196.02,0.0
2025-10-30 07:32:00,196.02,196.02,196.02,196.02,0.0
2025-10-30 07:33:00,196.02,196.02,196.02,196.02,0.0
2025-10-30 07:34:00,196.02,196.02,196.02,196.02,0.068
2025-10-30 07:35:00,196.02,196.02,196.02,196.02,0.0
2025-10-30 07:36:00,196.02,196.02,196.02,196.02,0.0
2025-10-30 07:37:00,196.02,196.02,196.02,196.02,0.0
2025-10-30 07:38:00,196.02,196.02,196.02,196.02,0.0
2025-10-30 07:39:00,196.02,196.02,196.02,196.02,0.0
2025-10-30 07:40:00,196.02,196.02,196.02,196.02,0.0
2025-10-30 07:41:00,196.02,196.02,196.02,196.02,0.0
2025-10-30 07:42:00,195.68,196.05,195.68,196.05,0.127
2025-10-30 07:43:00,195.61,195.61,195.61,195.61,0.008
2025-10-30 07:44:00,195.61,195.61,195.61,195.61,0.0
2025-10-30 07:45:00,195.61,195.61,195.61,195.61,0.0
2025-10-30 07:46:00,196.08,196.12,196.08,196.12,0.796
2025-10-30 07:47:00,196.12,196.12,196.12,196.12,0.0
2025-10-30 07:48:00,196.02,196.02,196.02,196.02,0.504
2025-10-30 07:49:00,196.02,196.02,196.02,196.02,0.0
2025-10-30 07:50:00,196.02,196.02,196.02,196.02,0.0
2025-10-30 07:51:00,195.49,195.49,195.49,195.49,0.197
2025-10-30 07:52:00,195.49,195.49,195.49,195.49,0.0
2025-10-30 07:53:00,195.49,195.49,195.49,195.49,0.0
2025-10-30 07:54:00,195.49,195.49,195.49,195.49,0.0
2025-10-30 07:55:00,195.49,195.49,195.49,195.49,0.0
2025-10-30 07:56:00,195.49,195.49,195.49,195.49,0.0
2025-10-30 07:57:00,195.49,195.49,195.49,195.49,0.0
2025-10-30 07:58:00,195.49,195.49,195.49,195.49,0.0
2025-10-30 07:59:00,195.49,195.49,195.49,195.49,0.0
2025-10-30 08:00:00,195.49,195.49,195.49,195.49,0.0
2025-10-30 08:01:00,195.49,195.49,195.49,195.49,0.0
2025-10-30 08:02:00,195.49,195.49,195.49,195.49,0.0
2025-10-30 08:03:00,195.49,195.49,195.49,195.49,0.0
2025-10-30 08:04:00,195.49,195.49,195.49,195.49,0.0
2025-10-30 08:05:00,195.49,195.49,195.49,195.49,0.0
2025-10-30 08:06:00,195.49,195.49,195.49,195.49,0.0
2025-10-30 08:07:00,195.49,195.49,195.49,195.49,0.0
2025-10-30 08:08:00,195.49,195.49,195.49,195.49,0.0
2025-10-30 08:09:00,196.0,196.0,195.81,195.81,0.67
2025-10-30 08:10:00,195.81,195.81,195.81,195.81,0.0
2025-10-30 08:11:00,195.31,195.77,195.31,195.77,0.213
2025-10-30 08:12:00,195.16,195.16,195.16,195.16,0.256
2025-10-30 08:13:00,195.16,195.16,195.16,195.16,0.0
2025-10-30 08:14:00,195.16,195.16,195.16,195.16,0.0
2025-10-30 08:15:00,195.16,195.16,195.16,195.16,0.0
2025-10-30 08:16:00,195.16,195.16,195.16,195.16,0.0
2025-10-30 08:17:00,195.16,195.16,195.16,195.16,0.0
2025-10-30 08:18:00,195.16,195.16,195.16,195.16,0.0
2025-10-30 08:19:00,195.16,195.16,195.16,195.16,0.0
2025-10-30 08:20:00,195.16,195.16,195.16,195.16,0.0
2025-10-30 08:21:00,195.16,195.16,195.16,195.16,0.0
2025-10-30 08:22:00,195.16,195.16,195.16,195.16,0.0
2025-10-30 08:23:00,195.16,195.16,195.16,195.16,0.0
2025-10-30 08:24:00,195.16,195.16,195.16,195.16,0.0
2025-10-30 08:25:00,195.16,195.16,195.16,195.16,0.0
2025-10-30 08:26:00,195.16,195.16,195.16,195.16,0.0
2025-10-30 08:27:00,194.85,194.85,194.85,194.85,0.012
2025-10-30 08:28:00,194.85,194.85,194.85,194.85,0.0
2025-10-30 08:29:00,194.85,194.85,194.85,194.85,0.128
2025-10-30 08:30:00,194.85,194.85,194.85,194.85,0.0
2025-10-30 08:31:00,194.85,194.85,194.85,194.85,0.0
2025-10-30 08:32:00,194.85,194.85,194.85,194.85,0.0
2025-10-30 08:33:00,194.85,194.85,194.85,194.85,0.0
2025-10-30 08:34:00,194.85,194.85,194.85,194.85,0.0
2025-10-30 08:35:00,194.85,194.85,194.85,194.85,0.0
2025-10-30 08:36:00,195.42,195.42,195.42,195.42,0.496
2025-10-30 08:37:00,195.46,195.49,195.46,195.49,0.916
2025-10-30 08:38:00,195.49,195.49,195.49,195.49,0.0
2025-10-30 08:39:00,195.49,195.49,195.49,195.49,0.0
2025-10-30 08:40:00,195.49,195.49,195.49,195.49,0.0
2025-10-30 08:41:00,195.49,195.49,195.49,195.49,0.0
2025-10-30 08:42:00,195.64,195.64,195.64,195.64,0.15
2025-10-30 08:43:00,195.64,195.64,195.64,195.64,0.0
2025-10-30 08:44:00,195.64,195.64,195.64,195.64,0.0
2025-10-30 08:45:00,195.64,195.64,195.64,195.64,0.0
2025-10-30 08:46:00,195.64,195.64,195.64,195.64,0.0
2025-10-30 08:47:00,195.64,195.64,195.64,195.64,0.0
2025-10-30 08:48:00,195.64,195.64,195.64,195.64,0.0
2025-10-30 08:49:00,195.64,195.64,195.64,195.64,0.0
2025-10-30 08:50:00,195.64,195.64,195.64,195.64,0.0
2025-10-30 08:51:00,195.64,195.64,195.64,195.64,0.0
2025-10-30 08:52:00,195.64,195.64,195.64,195.64,0.0
2025-10-30 08:53:00,195.64,195.64,195.64,195.64,0.0
2025-10-30 08:54:00,195.64,195.64,195.64,195.64,0.0
2025-10-30 08:55:00,195.64,195.64,195.64,195.64,0.0
2025-10-30 08:56:00,195.64,195.64,195.64,195.64,0.0
2025-10-30 08:57:00,195.48,195.48,195.48,195.48,0.052
2025-10-30 08:58:00,195.48,195.48,195.48,195.48,0.0
2025-10-30 08:59:00,195.48,195.48,195.48,195.48,0.0
2025-10-30 09:00:00,195.48,195.48,195.48,195.48,0.0
2025-10-30 09:01:00,195.48,195.48,195.48,195.48,0.0
2025-10-30 09:02:00,195.48,195.48,195.48,195.48,0.0
2025-10-30 09:03:00,195.48,195.48,195.48,195.48,0.0
2025-10-30 09:04:00,195.48,195.48,195.48,195.48,0.0
2025-10-30 09:05:00,195.48,195.48,195.48,195.48,0.0
2025-10-30 09:06:00,195.48,195.48,195.48,195.48,0.0
2025-10-30 09:07:00,195.48,195.48,195.48,195.48,0.0
2025-10-30 09:08:00,195.48,195.48,195.48,195.48,0.0
2025-10-30 09:09:00,195.48,195.48,195.48,195.48,0.0
2025-10-30 09:10:00,195.48,195.48,195.48,195.48,0.0
2025-10-30 09:11:00,194.47,194.47,194.47,194.47,0.664
2025-10-30 09:12:00,194.47,194.47,194.47,194.47,0.0
2025-10-30 09:13:00,194.25,194.25,194.18,194.18,0.874
2025-10-30 09:14:00,194.19,194.19,194.19,194.19,0.051
2025-10-30 09:15:00,194.19,194.19,194.19,194.19,0.0
2025-10-30 09:16:00,194.19,194.19,194.19,194.19,0.0
2025-10-30 09:17:00,194.19,194.19,194.19,194.19,0.0
2025-10-30 09:18:00,193.85,193.85,193.53,193.53,0.857
2025-10-30 09:19:00,193.43,193.43,193.05,193.05,4.408
2025-10-30 09:20:00,192.94,192.94,192.92,192.92,0.268
2025-10-30 09:21:00,192.92,192.92,192.92,192.92,0.0
2025-10-30 09:22:00,192.92,192.92,192.92,192.92,0.0
2025-10-30 09:23:00,192.92,192.92,192.92,192.92,0.0
2025-10-30 09:24:00,192.92,192.92,192.92,192.92,0.0
2025-10-30 09:25:00,192.92,192.92,192.92,192.92,0.0
2025-10-30 09:26:00,192.92,192.92,192.92,192.92,0.0
2025-10-30 09:27:00,192.92,192.92,192.92,192.92,0.0
2025-10-30 09:28:00,192.92,192.92,192.92,192.92,0.0
2025-10-30 09:29:00,192.92,192.92,192.92,192.92,0.0
2025-10-30 09:30:00,192.92,192.92,192.92,192.92,0.0
2025-10-30 09:31:00,193.77,193.77,193.77,193.77,0.774
2025-10-30 09:32:00,193.77,193.77,193.77,193.77,0.0
2025-10-30 09:33:00,193.77,193.77,193.77,193.77,0.0
2025-10-30 09:34:00,193.77,193.77,193.77,193.77,0.0
2025-10-30 09:35:00,193.77,193.77,193.77,193.77,0.0
2025-10-30 09:36:00,192.73,192.73,192.72,192.72,0.293
2025-10-30 09:37:00,192.72,192.72,192.72,192.72,0.0
2025-10-30 09:38:00,192.72,192.72,192.72,192.72,0.0
2025-10-30 09:39:00,192.72,192.72,192.72,192.72,0.0
2025-10-30 09:40:00,192.72,192.72,192.72,192.72,0.0
2025-10-30 09:41:00,192.72,192.72,192.72,192.72,0.0
2025-10-30 09:42:00,192.72,192.72,192.72,192.72,0.0
2025-10-30 09:43:00,192.72,192.72,192.72,192.72,0.0
2025-10-30 09:44:00,192.72,192.72,192.72,192.72,0.0
2025-10-30 09:45:00,192.72,192.72,192.72,192.72,19.722
2025-10-30 09:46:00,192.72,192.72,192.72,192.72,0.0
2025-10-30 09:47:00,192.72,192.72,192.72,192.72,0.0
2025-10-30 09:48:00,192.72,192.72,192.72,192.72,0.0
2025-10-30 09:49:00,192.58,192.58,192.53,192.53,0.867
2025-10-30 09:50:00,192.53,192.53,192.53,192.53,0.0
2025-10-30 09:51:00,192.53,192.53,192.53,192.53,0.0
2025-10-30 09:52:00,192.53,192.53,192.53,192.53,0.0
2025-10-30 09:53:00,192.53,192.53,192.53,192.53,0.0
2025-10-30 09:54:00,192.53,192.53,192.53,192.53,0.0
2025-10-30 09:55:00,192.53,192.53,192.53,192.53,0.0
2025-10-30 09:56:00,192.53,192.53,192.53,192.53,0.0
2025-10-30 09:57:00,192.97,192.97,192.97,192.97,0.14
2025-10-30 09:58:00,192.97,192.97,192.97,192.97,0.0
2025-10-30 09:59:00,192.82,192.82,192.68,192.68,0.647
2025-10-30 10:00:00,192.35,192.35,192.16,192.16,2.868
2025-10-30 10:01:00,192.05,192.05,191.98,191.98,0.995
2025-10-30 10:02:00,191.88,191.88,191.87,191.87,1.211
2025-10-30 10:03:00,191.87,191.87,191.87,191.87,0.0
2025-10-30 10:04:00,191.87,191.87,191.87,191.87,0.0
2025-10-30 10:05:00,192.19,192.19,192.19,192.19,0.511
2025-10-30 10:06:00,192.19,192.19,192.19,192.19,0.0
2025-10-30 10:07:00,192.19,192.19,192.19,192.19,0.0
2025-10-30 10:08:00,192.15,192.15,192.15,192.15,9.079
2025-10-30 10:09:00,192.15,192.15,192.15,192.15,0.0
2025-10-30 10:10:00,191.78,191.78,191.75,191.75,0.22
2025-10-30 10:11:00,191.89,191.89,191.89,191.89,0.057
2025-10-30 10:12:00,191.89,191.89,191.89,191.89,0.0
2025-10-30 10:13:00,191.63,191.63,191.59,191.59,0.804
2025-10-30 10:14:00,191.59,191.59,191.59,191.59,0.0
2025-10-30 10:15:00,191.51,191.51,191.51,191.51,0.303
2025-10-30 10:16:00,191.65,191.65,191.45,191.45,1.199
2025-10-30 10:17:00,191.38,191.38,191.28,191.28,0.361
2025-10-30 10:18:00,191.28,191.28,191.28,191.28,0.0
2025-10-30 10:19:00,191.28,191.28,191.28,191.28,0.0
2025-10-30 10:20:00,191.28,191.28,191.28,191.28,0.0
2025-10-30 10:21:00,191.67,191.67,191.67,191.67,0.02
2025-10-30 10:22:00,191.67,191.67,191.67,191.67,0.0
2025-10-30 10:23:00,191.67,191.67,191.67,191.67,0.0
2025-10-30 10:24:00,192.4,192.4,192.4,192.4,0.78
2025-10-30 10:25:00,192.4,192.4,192.4,192.4,0.0
2025-10-30 10:26:00,192.2,192.21,192.2,192.21,1.816
2025-10-30 10:27:00,192.21,192.21,192.21,192.21,0.0
2025-10-30 10:28:00,192.22,192.22,192.22,192.22,0.26
2025-10-30 10:29:00,192.22,192.22,192.22,192.22,0.0
2025-10-30 10:30:00,192.22,192.22,192.22,192.22,0.0
2025-10-30 10:31:00,192.22,192.22,192.22,192.22,0.0
2025-10-30 10:32:00,192.22,192.22,192.22,192.22,0.0
2025-10-30 10:33:00,192.22,192.22,192.22,192.22,0.0
2025-10-30 10:34:00,192.22,192.22,192.22,192.22,0.0
2025-10-30 10:35:00,192.22,192.22,192.22,192.22,0.0
2025-10-30 10:36:00,192.52,192.52,192.52,192.52,0.026
2025-10-30 10:37:00,192.52,192.52,192.52,192.52,0.0
2025-10-30 10:38:00,192.52,192.52,192.52,192.52,0.0
2025-10-30 10:39:00,191.93,192.24,191.93,192.24,0.8
2025-10-30 10:40:00,192.24,192.24,192.24,192.24,0.0
2025-10-30 10:41:00,192.24,192.24,192.24,192.24,0.0
2025-10-30 10:42:00,192.24,192.24,192.24,192.24,0.0
2025-10-30 10:43:00,192.24,192.24,192.24,192.24,0.0
2025-10-30 10:44:00,192.24,192.24,192.24,192.24,0.0
2025-10-30 10:45:00,191.8,191.8,191.53,191.53,0.446
2025-10-30 10:46:00,191.53,191.53,191.53,191.53,0.0
2025-10-30 10:47:00,191.53,191.53,191.53,191.53,0.0
2025-10-30 10:48:00,191.53,191.53,191.53,191.53,0.0
2025-10-30 10:49:00,191.53,191.53,191.53,191.53,0.0
2025-10-30 10:50:00,191.53,191.53,191.53,191.53,0.0
2025-10-30 10:51:00,191.53,191.53,191.53,191.53,0.0
2025-10-30 10:52:00,191.53,191.53,191.53,191.53,0.0
2025-10-30 10:53:00,191.53,191.53,191.53,191.53,0.0
2025-10-30 10:54:00,191.53,191.53,191.53,191.53,0.0
2025-10-30 10:55:00,191.53,191.53,191.53,191.53,0.0
2025-10-30 10:56:00,191.53,191.53,191.53,191.53,0.0
2025-10-30 10:57:00,191.53,191.53,191.53,191.53,0.0
2025-10-30 10:58:00,191.53,191.53,191.53,191.53,0.0
2025-10-30 10:59:00,192.08,192.08,192.08,192.08,0.495
2025-10-30 11:00:00,192.08,192.08,192.08,192.08,0.0
2025-10-30 11:01:00,192.0,192.0,192.0,192.0,0.1
2025-10-30 11:02:00,192.0,192.0,192.0,192.0,24.9
2025-10-30 11:03:00,192.0,192.0,192.0,192.0,0.0
2025-10-30 11:04:00,192.0,192.0,192.0,192.0,0.0
2025-10-30 11:05:00,192.0,192.0,192.0,192.0,0.0
2025-10-30 11:06:00,192.0,192.0,192.0,192.0,0.0
2025-10-30 11:07:00,192.0,192.0,192.0,192.0,0.0
2025-10-30 11:08:00,192.0,192.0,192.0,192.0,0.0
2025-10-30 11:09:00,192.0,192.0,192.0,192.0,0.0
2025-10-30 11:10:00,191.92,191.92,191.72,191.72,0.427
2025-10-30 11:11:00,191.72,191.72,191.72,191.72,0.0
2025-10-30 11:12:00,191.72,191.72,191.72,191.72,0.0
2025-10-30 11:13:00,191.72,191.72,191.72,191.72,0.0
2025-10-30 11:14:00,191.8,191.8,191.8,191.8,0.92
2025-10-30 11:15:00,191.9,191.9,191.9,191.9,0.026
2025-10-30 11:16:00,191.9,191.9,191.9,191.9,0.0
2025-10-30 11:17:00,191.79,191.79,191.5,191.5,0.927
2025-10-30 11:18:00,191.5,191.67,191.5,191.5,0.385
2025-10-30 11:19:00,191.91,191.91,191.91,191.91,0.031
2025-10-30 11:20:00,191.91,191.91,191.91,191.91,0.0
2025-10-30 11:21:00,191.91,191.91,191.91,191.91,0.0
2025-10-30 11:22:00,191.91,191.91,191.91,191.91,0.0
2025-10-30 11:23:00,191.91,191.91,191.91,191.91,0.0
2025-10-30 11:24:00,191.91,191.91,191.91,191.91,0.0
2025-10-30 11:25:00,191.91,191.91,191.91,191.91,0.0
2025-10-30 11:26:00,192.25,192.53,192.25,192.53,0.628
2025-10-30 11:27:00,192.58,192.58,192.58,192.58,0.13
2025-10-30 11:28:00,192.58,192.58,192.58,192.58,0.0
2025-10-30 11:29:00,192.58,192.58,192.58,192.58,0.0
2025-10-30 11:30:00,192.58,192.58,192.58,192.58,0.0
2025-10-30 11:31:00,192.58,192.58,192.58,192.58,0.0
2025-10-30 11:32:00,192.36,192.51,192.36,192.51,1.28
2025-10-30 11:33:00,192.51,192.51,192.51,192.51,0.0
2025-10-30 11:34:00,192.51,192.51,192.51,192.51,0.0
2025-10-30 11:35:00,192.51,192.51,192.51,192.51,0.0
2025-10-30 11:36:00,192.51,192.51,192.51,192.51,0.0
2025-10-30 11:37:00,192.51,192.51,192.51,192.51,0.0
2025-10-30 11:38:00,192.51,192.51,192.51,192.51,0.0
2025-10-30 11:39:00,192.51,192.51,192.51,192.51,0.0
2025-10-30 11:40:00,192.14,192.15,192.14,192.15,0.614
2025-10-30 11:41:00,192.15,192.15,192.15,192.15,0.0
2025-10-30 11:42:00,192.15,192.15,192.15,192.15,0.0
2025-10-30 11:43:00,192.15,192.15,192.15,192.15,0.0
2025-10-30 11:44:00,192.15,192.15,192.15,192.15,0.0
2025-10-30 11:45:00,192.15,192.15,192.15,192.15,0.0
2025-10-30 11:46:00,192.15,192.15,192.15,192.15,0.0
2025-10-30 11:47:00,192.58,192.58,192.58,192.58,0.414
2025-10-30 11:48:00,192.58,192.58,192.58,192.58,0.0
2025-10-30 11:49:00,192.61,192.61,192.61,192.61,0.104
2025-10-30 11:50:00,192.61,192.61,192.61,192.61,0.0
2025-10-30 11:51:00,191.83,191.83,191.83,191.83,0.079
2025-10-30 11:52:00,191.83,191.83,191.83,191.83,0.0
2025-10-30 11:53:00,191.83,191.83,191.83,191.83,0.0
2025-10-30 11:54:00,191.83,191.83,191.83,191.83,0.0
2025-10-30 11:55:00,191.83,191.83,191.83,191.83,0.0
2025-10-30 11:56:00,191.83,191.83,191.83,191.83,0.0
2025-10-30 11:57:00,192.48,192.49,192.48,192.49,0.908
2025-10-30 11:58:00,192.49,192.49,192.49,192.49,0.0
2025-10-30 11:59:00,192.49,192.49,192.49,192.49,0.0
2025-10-30 12:00:00,192.24,192.24,192.24,192.24,0.13
2025-10-30 12:01:00,192.24,192.24,192.24,192.24,0.0
2025-10-30 12:02:00,192.24,192.24,192.24,192.24,0.0
2025-10-30 12:03:00,192.24,192.24,192.24,192.24,0.0
2025-10-30 12:04:00,192.24,192.24,192.24,192.24,0.0
2025-10-30 12:05:00,192.24,192.24,192.24,192.24,0.0
2025-10-30 12:06:00,191.9,191.9,191.9,191.9,0.114
2025-10-30 12:07:00,191.9,191.9,191.9,191.9,0.0
2025-10-30 12:08:00,191.63,191.63,191.5,191.5,24.685
2025-10-30 12:09:00,191.38,191.38,191.26,191.26,3.41
2025-10-30 12:10:00,191.26,191.26,191.26,191.26,0.0
2025-10-30 12:11:00,191.26,191.26,191.26,191.26,0.0
2025-10-30 12:12:00,191.26,191.26,191.26,191.26,0.0
2025-10-30 12:13:00,191.26,191.26,191.26,191.26,0.0
2025-10-30 12:14:00,191.26,191.26,191.26,191.26,0.0
2025-10-30 12:15:00,191.25,191.25,191.25,191.25,0.809
2025-10-30 12:16:00,191.23,191.23,191.01,191.01,2.274
2025-10-30 12:17:00,190.89,190.89,190.32,190.32,33.946
2025-10-30 12:18:00,190.32,190.32,190.32,190.32,0.0
2025-10-30 12:19:00,190.52,190.78,190.52,190.78,20.699
2025-10-30 12:20:00,190.78,190.78,190.78,190.78,0.0
2025-10-30 12:21:00,190.78,190.78,190.78,190.78,0.0
2025-10-30 12:22:00,190.78,190.78,190.78,190.78,0.0
2025-10-30 12:23:00,190.67,190.67,190.67,190.67,14.563
2025-10-30 12:24:00,190.32,190.32,189.33,189.33,43.099
2025-10-30 12:25:00,189.8,189.8,189.39,189.39,19.446
2025-10-30 12:26:00,189.4,189.4,188.4,188.46,18.971
2025-10-30 12:27:00,188.46,188.46,188.46,188.46,0.0
2025-10-30 12:28:00,189.11,189.11,188.98,188.98,0.376
2025-10-30 12:29:00,188.98,188.98,188.98,188.98,0.0
2025-10-30 12:30:00,189.61,189.61,189.61,189.61,0.01
2025-10-30 12:31:00,189.61,189.61,189.61,189.61,0.0
2025-10-30 12:32:00,189.5,189.5,189.5,189.5,0.39
2025-10-30 12:33:00,189.73,189.73,189.73,189.73,0.624
2025-10-30 12:34:00,189.74,189.74,189.73,189.74,3.168
2025-10-30 12:35:00,189.74,189.74,189.74,189.74,0.002
2025-10-30 12:36:00,189.42,189.42,189.42,189.42,1.051
2025-10-30 12:37:00,189.41,189.41,189.41,189.41,0.01
2025-10-30 12:38:00,189.01,189.01,189.01,189.01,0.176
2025-10-30 12:39:00,189.01,189.01,189.01,189.01,0.0
2025-10-30 12:40:00,189.01,189.01,189.01,189.01,0.0
2025-10-30 12:41:00,188.79,188.79,187.34,187.34,98.633
2025-10-30 12:42:00,187.3,187.3,187.3,187.3,2.965
2025-10-30 12:43:00,187.3,187.48,187.3,187.48,2.027
2025-10-30 12:44:00,187.5,187.5,187.3,187.3,13.768
2025-10-30 12:45:00,187.3,187.5,187.3,187.5,1.56
2025-10-30 12:46:00,187.49,187.5,187.49,187.5,0.588
2025-10-30 12:47:00,187.5,187.5,187.49,187.5,48.25
2025-10-30 12:48:00,187.77,187.77,187.77,187.77,0.011
2025-10-30 12:49:00,187.35,187.35,187.11,187.11,44.125
2025-10-30 12:50:00,187.04,187.04,186.92,187.0,5.227
2025-10-30 12:51:00,186.89,186.89,186.86,186.86,0.69
2025-10-30 12:52:00,186.85,186.85,186.85,186.85,0.357
2025-10-30 12:53:00,186.85,186.85,186.85,186.85,0.0
2025-10-30 12:54:00,186.85,186.85,186.85,186.85,0.0
2025-10-30 12:55:00,187.4,187.4,187.4,187.4,0.011
2025-10-30 12:56:00,187.4,187.4,187.4,187.4,0.0
2025-10-30 12:57:00,187.54,187.63,187.54,187.63,0.042
2025-10-30 12:58:00,187.7,187.7,187.7,187.7,0.339
2025-10-30 12:59:00,187.6,187.69,187.6,187.69,20.968
2025-10-30 13:00:00,187.81,187.81,187.81,187.81,0.265
2025-10-30 13:01:00,187.57,187.57,187.57,187.57,0.394
2025-10-30 13:02:00,187.79,187.98,187.79,187.98,0.886
2025-10-30 13:03:00,188.37,188.37,188.37,188.37,0.13
2025-10-30 13:04:00,188.36,188.36,188.26,188.26,0.361
2025-10-30 13:05:00,188.38,188.54,188.38,188.54,1.025
2025-10-30 13:06:00,188.54,188.54,188.54,188.54,0.0
2025-10-30 13:07:00,188.67,188.67,188.67,188.67,0.317
2025-10-30 13:08:00,188.32,188.32,188.32,188.32,0.032
2025-10-30 13:09:00,188.12,188.12,188.12,188.12,0.196
2025-10-30 13:10:00,188.12,188.12,188.12,188.12,0.0
2025-10-30 13:11:00,188.12,188.12,188.12,188.12,0.0
2025-10-30 13:12:00,188.01,188.01,188.01,188.01,1.343
2025-10-30 13:13:00,188.01,188.01,188.01,188.01,0.0
2025-10-30 13:14:00,188.1,188.1,188.1,188.1,4.0
2025-10-30 13:15:00,188.1,188.1,188.1,188.1,0.0
2025-10-30 13:16:00,188.1,188.1,188.1,188.1,0.0
2025-10-30 13:17:00,187.46,187.46,187.43,187.43,1.626
2025-10-30 13:18:00,187.43,187.43,187.43,187.43,0.0
2025-10-30 13:19:00,187.43,187.43,187.43,187.43,0.0
2025-10-30 13:20:00,187.74,187.74,187.74,187.74,0.266
2025-10-30 13:21:00,187.74,187.74,187.74,187.74,0.0
2025-10-30 13:22:00,187.74,187.74,187.74,187.74,0.0
2025-10-30 13:23:00,187.74,187.74,187.74,187.74,0.0
2025-10-30 13:24:00,187.74,187.74,187.74,187.74,0.0
2025-10-30 13:25:00,187.74,187.74,187.74,187.74,0.96
2025-10-30 13:26:00,187.74,187.74,187.74,187.74,0.079
2025-10-30 13:27:00,187.74,187.74,187.74,187.74,0.0
2025-10-30 13:28:00,187.74,187.74,187.74,187.74,0.0
2025-10-30 13:29:00,187.74,187.74,187.74,187.74,0.0
2025-10-30 13:30:00,187.75,187.75,187.57,187.57,1.862
2025-10-30 13:31:00,187.57,187.57,187.57,187.57,0.0
2025-10-30 13:32:00,187.18,187.18,187.05,187.05,1.247
2025-10-30 13:33:00,187.16,188.05,187.16,188.05,2.592
2025-10-30 13:34:00,187.72,187.78,187.62,187.62,8.916
2025-10-30 13:35:00,187.17,187.17,187.17,187.17,0.176
2025-10-30 13:36:00,187.05,187.05,186.62,186.62,4.757
2025-10-30 13:37:00,186.56,186.56,186.42,186.42,2.668
2025-10-30 13:38:00,186.38,186.38,185.21,185.21,29.954
2025-10-30 13:39:00,185.21,185.74,185.15,185.74,2.078
2025-10-30 13:40:00,185.68,185.68,185.62,185.62,4.024
2025-10-30 13:41:00,185.89,186.16,185.88,186.16,12.09
2025-10-30 13:42:00,186.11,186.11,185.99,185.99,1.935
2025-10-30 13:43:00,186.14,186.14,186.14,186.14,0.292
2025-10-30 13:44:00,186.3,186.3,186.3,186.3,0.028
2025-10-30 13:45:00,186.3,186.3,186.3,186.3,0.0
2025-10-30 13:46:00,186.48,186.86,186.48,186.86,1.107
2025-10-30 13:47:00,186.86,186.86,186.86,186.86,0.689
2025-10-30 13:48:00,186.53,186.53,186.53,186.53,0.107
2025-10-30 13:49:00,186.53,186.53,186.53,186.53,0.0
2025-10-30 13:50:00,186.53,186.53,186.53,186.53,0.0
2025-10-30 13:51:00,186.53,186.53,186.53,186.53,0.0
2025-10-30 13:52:00,186.53,186.53,186.53,186.53,0.0
2025-10-30 13:53:00,186.53,186.53,186.53,186.53,0.0
2025-10-30 13:54:00,186.89,186.89,186.89,186.89,0.394
2025-10-30 13:55:00,186.89,186.89,186.89,186.89,0.0
2025-10-30 13:56:00,186.89,186.89,186.89,186.89,0.0
2025-10-30 13:57:00,186.89,186.89,186.89,186.89,0.0
2025-10-30 13:58:00,186.89,186.89,186.89,186.89,0.0
2025-10-30 13:59:00,186.0,186.0,186.0,186.0,10.629
2025-10-30 14:00:00,186.0,186.0,186.0,186.0,0.107
2025-10-30 14:01:00,186.0,186.0,186.0,186.0,0.0
2025-10-30 14:02:00,186.0,186.0,186.0,186.0,0.0
2025-10-30 14:03:00,186.0,186.0,186.0,186.0,0.0
2025-10-30 14:04:00,186.0,186.0,186.0,186.0,0.0
2025-10-30 14:05:00,186.49,186.89,186.49,186.89,0.304
2025-10-30 14:06:00,186.89,186.98,186.89,186.98,203.675
2025-10-30 14:07:00,187.12,187.24,186.83,186.83,61.3
2025-10-30 14:08:00,186.83,186.86,186.83,186.86,12.312
2025-10-30 14:09:00,186.67,186.67,186.67,186.67,0.198
2025-10-30 14:10:00,186.64,186.64,186.64,186.64,0.609
2025-10-30 14:11:00,186.44,186.45,186.43,186.45,1.059
2025-10-30 14:12:00,186.38,186.44,185.95,185.95,6.37
2025-10-30 14:13:00,185.95,185.95,185.95,185.95,0.0
2025-10-30 14:14:00,186.21,186.65,186.21,186.65,101.489
2025-10-30 14:15:00,186.65,186.65,186.65,186.65,0.0
2025-10-30 14:16:00,186.67,186.67,186.67,186.67,0.133
2025-10-30 14:17:00,186.67,186.67,186.67,186.67,0.0
2025-10-30 14:18:00,186.45,186.66,186.45,186.66,5.917
2025-10-30 14:19:00,186.66,186.66,186.66,186.66,0.0
2025-10-30 14:20:00,186.67,186.67,186.39,186.39,3.017
2025-10-30 14:21:00,186.33,186.33,186.33,186.33,0.536
2025-10-30 14:22:00,186.89,187.03,186.89,186.95,25.595
2025-10-30 14:23:00,186.58,186.61,186.5,186.5,216.94
2025-10-30 14:24:00,186.5,186.5,186.5,186.5,0.0
2025-10-30 14:25:00,186.5,186.5,186.5,186.5,0.0
2025-10-30 14:26:00,186.62,186.62,186.62,186.62,0.803
2025-10-30 14:27:00,186.62,186.62,186.62,186.62,0.0
2025-10-30 14:28:00,186.62,186.62,186.62,186.62,0.0
2025-10-30 14:29:00,186.62,186.62,186.62,186.62,0.0
2025-10-30 14:30:00,186.62,186.62,186.62,186.62,0.0
2025-10-30 14:31:00,186.48,186.48,186.48,186.48,0.252
2025-10-30 14:32:00,186.93,186.93,186.37,186.37,2.484
2025-10-30 14:33:00,186.37,186.37,185.95,185.95,1.818
2025-10-30 14:34:00,185.74,185.74,185.74,185.74,0.147
2025-10-30 14:35:00,186.27,186.27,186.27,186.27,0.177
2025-10-30 14:36:00,186.27,186.27,186.27,186.27,0.0
2025-10-30 14:37:00,186.77,186.77,186.35,186.35,44.244
2025-10-30 14:38:00,186.43,186.43,186.43,186.43,70.065
2025-10-30 14:39:00,186.57,186.57,186.57,186.57,0.452
2025-10-30 14:40:00,186.57,186.57,186.57,186.57,0.0
2025-10-30 14:41:00,186.57,186.57,186.57,186.57,0.0
2025-10-30 14:42:00,186.86,187.29,186.86,187.29,0.776
2025-10-30 14:43:00,187.35,187.43,187.35,187.43,3.571
2025-10-30 14:44:00,187.43,187.43,187.43,187.43,0.0
2025-10-30 14:45:00,187.39,187.39,187.39,187.39,0.8
2025-10-30 14:46:00,187.39,187.39,187.39,187.39,0.0
2025-10-30 14:47:00,187.39,187.39,187.39,187.39,0.0
2025-10-30 14:48:00,187.34,187.34,187.34,187.34,0.134
2025-10-30 14:49:00,187.23,187.23,187.23,187.23,0.952
2025-10-30 14:50:00,187.26,187.26,187.25,187.25,0.606
2025-10-30 14:51:00,187.37,187.4,187.3,187.38,2.011
2025-10-30 14:52:00,187.38,187.38,187.38,187.38,0.0
2025-10-30 14:53:00,187.4,187.4,187.4,187.4,0.005
2025-10-30 14:54:00,187.26,187.55,187.26,187.55,5.408
2025-10-30 14:55:00,187.62,187.67,187.62,187.67,0.366
2025-10-30 14:56:00,187.67,187.67,187.67,187.67,0.0
2025-10-30 14:57:00,187.32,187.32,187.32,187.32,0.074
2025-10-30 14:58:00,187.32,187.32,187.32,187.32,0.0
2025-10-30 14:59:00,187.28,187.28,187.28,187.28,0.187
2025-10-30 15:00:00,187.21,187.51,187.21,187.51,3.003
2025-10-30 15:01:00,187.51,187.51,187.51,187.51,0.0
2025-10-30 15:02:00,187.0,187.0,187.0,187.0,0.273
2025-10-30 15:03:00,187.0,187.0,187.0,187.0,0.0
2025-10-30 15:04:00,187.0,187.0,187.0,187.0,0.0
2025-10-30 15:05:00,187.0,187.0,187.0,187.0,0.0
2025-10-30 15:06:00,187.5,187.5,187.5,187.5,10.0
2025-10-30 15:07:00,186.96,186.99,186.96,186.99,0.266
2025-10-30 15:08:00,186.68,187.12,186.48,186.48,6.795
2025-10-30 15:09:00,186.38,186.38,186.38,186.38,0.08
2025-10-30 15:10:00,186.38,186.38,186.38,186.38,0.0
2025-10-30 15:11:00,186.54,186.54,186.54,186.54,0.3
2025-10-30 15:12:00,186.54,186.54,186.54,186.54,0.0
2025-10-30 15:13:00,186.6,186.6,186.6,186.6,0.053
2025-10-30 15:14:00,186.46,186.46,186.46,186.46,3.751
2025-10-30 15:15:00,186.46,186.46,186.46,186.46,0.0
2025-10-30 15:16:00,186.46,186.46,186.46,186.46,0.0
2025-10-30 15:17:00,186.24,186.24,186.24,186.24,2.684
2025-10-30 15:18:00,186.22,186.22,185.94,185.94,1.428
2025-10-30 15:19:00,185.94,185.94,185.94,185.94,0.0
2025-10-30 15:20:00,186.33,186.33,186.33,186.33,10.725
2025-10-30 15:21:00,186.33,186.33,186.33,186.33,0.0
2025-10-30 15:22:00,186.31,186.43,186.31,186.43,1.145
2025-10-30 15:23:00,186.5,186.68,186.5,186.68,0.16
2025-10-30 15:24:00,186.41,186.41,186.41,186.41,11.444
2025-10-30 15:25:00,186.41,186.41,186.41,186.41,0.0
2025-10-30 15:26:00,186.19,186.19,186.1,186.18,0.682
2025-10-30 15:27:00,186.18,186.18,186.18,186.18,0.0
2025-10-30 15:28:00,186.18,186.18,186.18,186.18,0.0
2025-10-30 15:29:00,186.18,186.18,186.18,186.18,0.0
2025-10-30 15:30:00,185.74,185.74,185.54,185.54,0.198
2025-10-30 15:31:00,185.54,185.54,185.39,185.4,1.258
2025-10-30 15:32:00,185.8,185.8,185.8,185.8,0.2
2025-10-30 15:33:00,185.8,185.8,185.8,185.8,0.0
2025-10-30 15:34:00,185.92,185.92,185.8,185.8,41.536
2025-10-30 15:35:00,185.62,185.62,185.62,185.62,3.767
2025-10-30 15:36:00,185.8,185.8,185.8,185.8,0.268
2025-10-30 15:37:00,185.39,185.39,185.39,185.39,0.106
2025-10-30 15:38:00,185.39,185.39,185.23,185.23,1.095
2025-10-30 15:39:00,185.6,185.77,185.6,185.77,3.582
2025-10-30 15:40:00,185.77,185.77,185.77,185.77,0.0
2025-10-30 15:41:00,185.29,185.29,185.08,185.08,5.262
2025-10-30 15:42:00,185.2,185.2,185.2,185.2,0.053
2025-10-30 15:43:00,185.2,185.2,185.2,185.2,0.0
2025-10-30 15:44:00,185.2,185.2,185.2,185.2,0.0
2025-10-30 15:45:00,185.2,185.2,185.2,185.2,0.0
2025-10-30 15:46:00,185.13,185.13,184.63,184.63,21.94
2025-10-30 15:47:00,185.13,185.13,184.63,184.63,1.371
2025-10-30 15:48:00,185.04,185.04,185.04,185.04,0.27
2025-10-30 15:49:00,185.04,185.04,185.04,185.04,0.0
2025-10-30 15:50:00,185.0,185.0,185.0,185.0,10.0
2025-10-30 15:51:00,185.0,185.0,185.0,185.0,0.0
2025-10-30 15:52:00,184.81,184.81,184.81,184.81,0.096
2025-10-30 15:53:00,184.81,184.81,184.81,184.81,0.0
2025-10-30 15:54:00,184.81,184.81,184.81,184.81,0.0
2025-10-30 15:55:00,184.61,184.61,184.61,184.61,0.185
2025-10-30 15:56:00,184.61,184.61,184.61,184.61,0.0
2025-10-30 15:57:00,184.61,184.61,184.61,184.61,0.0
2025-10-30 15:58:00,184.61,184.61,184.61,184.61,0.0
2025-10-30 15:59:00,184.61,184.61,184.61,184.61,0.0
2025-10-30 16:00:00,184.99,184.99,184.72,184.72,5.205
2025-10-30 16:01:00,184.61,184.61,184.47,184.47,13.285
2025-10-30 16:02:00,184.67,184.67,184.12,184.12,29.265
2025-10-30 16:03:00,184.25,184.25,184.25,184.25,0.106
2025-10-30 16:04:00,185.01,185.09,185.01,185.09,0.216
2025-10-30 16:05:00,184.95,185.39,184.95,185.39,0.231
2025-10-30 16:06:00,185.54,185.54,185.54,185.54,0.892
2025-10-30 16:07:00,185.54,185.54,185.54,185.54,0.0
2025-10-30 16:08:00,185.74,185.74,185.74,185.74,0.148
2025-10-30 16:09:00,185.9,185.9,185.9,185.9,0.538
2025-10-30 16:10:00,185.9,185.9,185.9,185.9,0.0
2025-10-30 16:11:00,185.9,185.9,185.9,185.9,0.0
2025-10-30 16:12:00,185.75,185.75,185.75,185.75,0.458
2025-10-30 16:13:00,185.87,185.87,185.87,185.87,0.537
2025-10-30 16:14:00,185.94,185.94,185.94,185.94,0.054
2025-10-30 16:15:00,185.94,185.94,185.94,185.94,0.0
2025-10-30 16:16:00,185.94,185.94,185.94,185.94,0.0
2025-10-30 16:17:00,185.77,185.81,185.77,185.81,0.01
2025-10-30 16:18:00,185.81,185.81,185.81,185.81,0.0
2025-10-30 16:19:00,185.81,185.81,185.81,185.81,0.0
2025-10-30 16:20:00,185.02,185.02,185.02,185.02,0.011
2025-10-30 16:21:00,185.09,185.13,185.09,185.13,0.562
2025-10-30 16:22:00,185.09,185.09,185.09,185.09,0.011
2025-10-30 16:23:00,185.17,185.17,185.17,185.17,0.539
2025-10-30 16:24:00,185.17,185.17,185.17,185.17,0.0
2025-10-30 16:25:00,185.17,185.17,185.17,185.17,0.0
2025-10-30 16:26:00,185.17,185.17,185.17,185.17,0.0
2025-10-30 16:27:00,185.95,186.19,185.95,186.19,0.567
2025-10-30 16:28:00,186.26,186.26,186.26,186.26,1.455
2025-10-30 16:29:00,186.26,186.26,186.26,186.26,0.0
2025-10-30 16:30:00,186.25,186.25,186.06,186.06,15.325
2025-10-30 16:31:00,186.06,186.06,186.06,186.06,0.0
2025-10-30 16:32:00,186.06,186.06,186.06,186.06,0.0
2025-10-30 16:33:00,185.56,185.56,185.56,185.56,0.13
2025-10-30 16:34:00,185.56,185.56,185.56,185.56,0.0
2025-10-30 16:35:00,185.46,185.46,185.46,185.46,0.134
2025-10-30 16:36:00,185.46,185.46,185.46,185.46,0.0
2025-10-30 16:37:00,185.46,185.46,185.46,185.46,0.0
2025-10-30 16:38:00,185.3,185.3,185.29,185.29,9.707
2025-10-30 16:39:00,185.29,185.29,185.29,185.29,0.0
2025-10-30 16:40:00,185.29,185.29,185.29,185.29,0.0
2025-10-30 16:41:00,185.3,185.3,185.09,185.09,5.234
2025-10-30 16:42:00,185.07,185.07,185.07,185.07,2.752
2025-10-30 16:43:00,185.37,185.37,184.9,184.9,20.11
2025-10-30 16:44:00,184.9,184.9,184.9,184.9,0.0
2025-10-30 16:45:00,184.9,184.9,184.9,184.9,0.0
2025-10-30 16:46:00,184.9,184.9,184.9,184.9,0.0
2025-10-30 16:47:00,184.9,184.9,184.9,184.9,0.0
2025-10-30 16:48:00,184.9,184.9,184.9,184.9,0.0
2025-10-30 16:49:00,184.9,184.9,184.9,184.9,0.0
2025-10-30 16:50:00,184.9,184.9,184.9,184.9,0.0
2025-10-30 16:51:00,184.9,184.9,184.9,184.9,0.0
2025-10-30 16:52:00,184.92,184.92,184.85,184.85,10.0
2025-10-30 16:53:00,184.93,184.93,184.93,184.93,0.027
2025-10-30 16:54:00,184.93,184.93,184.93,184.93,0.0
2025-10-30 16:55:00,184.93,185.19,184.93,185.19,0.222
2025-10-30 16:56:00,185.36,185.36,185.36,185.36,0.13
2025-10-30 16:57:00,185.36,185.36,185.36,185.36,0.0
2025-10-30 16:58:00,185.36,185.36,185.36,185.36,0.0
2025-10-30 16:59:00,185.36,185.36,185.36,185.36,0.0
2025-10-30 17:00:00,185.32,185.32,185.31,185.32,1.141
2025-10-30 17:01:00,185.32,185.32,185.32,185.32,0.0
2025-10-30 17:02:00,185.32,185.32,185.32,185.32,0.0
2025-10-30 17:03:00,184.71,184.71,183.74,183.74,25.18
2025-10-30 17:04:00,184.48,184.48,184.48,184.48,1.202
2025-10-30 17:05:00,184.48,184.48,184.48,184.48,0.0
2025-10-30 17:06:00,183.73,183.73,183.68,183.68,1.004
2025-10-30 17:07:00,183.68,183.68,183.68,183.68,0.0
2025-10-30 17:08:00,184.35,184.35,184.35,184.35,0.25
2025-10-30 17:09:00,184.58,184.58,184.58,184.58,0.054
2025-10-30 17:10:00,184.45,184.45,184.45,184.45,0.081
2025-10-30 17:11:00,184.45,184.45,184.45,184.45,0.0
2025-10-30 17:12:00,184.45,184.45,184.45,184.45,0.0
2025-10-30 17:13:00,184.2,184.2,184.2,184.2,0.098
2025-10-30 17:14:00,184.2,184.2,184.2,184.2,0.0
